USE db_SPbSTU
INSERT INTO tb_Degree VALUES('Бакалавра')
INSERT INTO tb_Degree VALUES('Магистра')
INSERT INTO tb_Degree VALUES('Доктора философии')
GO

USE db_SPbSTU
INSERT INTO tb_StudyType VALUES('Очная')
INSERT INTO tb_StudyType VALUES('Заочная')
INSERT INTO tb_StudyType VALUES('Очно-Заочная')
GO

USE db_SPbSTU
INSERT INTO tb_Post(PostName, Salary) VALUES('Ассистент профессора', 80000)
INSERT INTO tb_Post(PostName, Salary) VALUES('Преподаватель', 90000)
INSERT INTO tb_Post(PostName, Salary) VALUES('Доцент', 100000)
INSERT INTO tb_Post(PostName, Salary) VALUES('Профессор', 110000)
GO

USE db_SPbSTU
INSERT INTO tb_Condition VALUES('Стажировка')
INSERT INTO tb_Condition VALUES('Работа')
INSERT INTO tb_Condition VALUES('Отпуск')
INSERT INTO tb_Condition VALUES('Выход на пенсию')
INSERT INTO tb_Condition VALUES('Увольнение')
GO

USE db_SPbSTU
INSERT INTO tb_TrainStatus VALUES('Учится')
INSERT INTO tb_TrainStatus VALUES('Отстранен')
INSERT INTO tb_TrainStatus VALUES('Окончен')
INSERT INTO tb_TrainStatus VALUES('Исключен')
GO

USE db_SPbSTU
INSERT INTO tb_Account VALUES('Shulga.mi@edu.spbstu.ru', '9Tgs=K')
INSERT INTO tb_Account VALUES('Shumov.ch@edu.spbstu.ru', 'loBK{4')
INSERT INTO tb_Account VALUES('Edel.ma@edu.spbstu.ru', '_8KkdN')
INSERT INTO tb_Account VALUES('Ageev.an@edu.spbstu.ru', 'uUC9|y')
INSERT INTO tb_Account VALUES('Brinov.fy@edu.spbstu.ru', 'HD5oh#')
INSERT INTO tb_Account VALUES('Bragin.dm@edu.spbstu.ru', '6lBk.K')
INSERT INTO tb_Account VALUES('Vasiliev.al@edu.spbstu.ru', '^M8mtS')
INSERT INTO tb_Account VALUES('Demyanov.dm@edu.spbstu.ru', '1li|QV')
INSERT INTO tb_Account VALUES('Egorov.gl@edu.spbstu.ru', 'i,7BwC')
INSERT INTO tb_Account VALUES('Zatylkin.pa@edu.spbstu.ru', 'b$OpY9')
INSERT INTO tb_Account VALUES('Nadezhda.ko@edu.spbstu.ru', 'DUo7=t')
INSERT INTO tb_Account VALUES('Korsukov.ev@edu.spbstu.ru', '%0IxHz')
INSERT INTO tb_Account VALUES('Krasheninnikov.vl@edu.spbstu.ru', 'z.6CBs')
INSERT INTO tb_Account VALUES('Mesheryakov.ge@edu.spbstu.ru', 'bB]1Mm')
INSERT INTO tb_Account VALUES('Motor.ni@edu.spbstu.ru', 'XA]xw4')
INSERT INTO tb_Account VALUES('Prinmak.ek@edu.spbstu.ru', '9Zy=cH')
INSERT INTO tb_Account VALUES('Smolyakov.iv@edu.spbstu.ru', '2tElQ+')
INSERT INTO tb_Account VALUES('Sobolev.de@edu.spbstu.ru', 'KJms)6')
INSERT INTO tb_Account VALUES('Veronika.se@edu.spbstu.ru', '{gJpH5')
INSERT INTO tb_Account VALUES('Badrtdinov.vl@edu.spbstu.ru', 'izPS0?')
INSERT INTO tb_Account VALUES('Baymukhov.sa@edu.spbstu.ru', 'u4Os{A')
INSERT INTO tb_Account VALUES('Belousova.ek@edu.spbstu.ru', 'm?4iBO')
INSERT INTO tb_Account VALUES('Varvarkina.ek@edu.spbstu.ru', 'd?U2Dn')
INSERT INTO tb_Account VALUES('Vasilyeva.an@edu.spbstu.ru', 't:On3G')
INSERT INTO tb_Account VALUES('Vasilyeva.da@edu.spbstu.ru', '4qaZ?N')
INSERT INTO tb_Account VALUES('Gorbushin.le@edu.spbstu.ru', '3q]CcA')
INSERT INTO tb_Account VALUES('Daibun.sa@edu.spbstu.ru', '[dnL3G')
INSERT INTO tb_Account VALUES('Ershov.al@edu.spbstu.ru', 'aGSz!9')
INSERT INTO tb_Account VALUES('Umilyaev.dm@edu.spbstu.ru', 'B;vI2t')
INSERT INTO tb_Account VALUES('Ivanova.ya@edu.spbstu.ru', 'v{ACi5')
INSERT INTO tb_Account VALUES('Isilamov.bu@edu.spbstu.ru', 'Sj0~qL')
INSERT INTO tb_Account VALUES('Captain.ma@edu.spbstu.ru', 'wTI0g/')
INSERT INTO tb_Account VALUES('Kudrya.ev@edu.spbstu.ru', '0JBu=z')
INSERT INTO tb_Account VALUES('Ledovskaya.yu@edu.spbstu.ru', 'v8Q|Fz')
INSERT INTO tb_Account VALUES('Lyazhkov.se@edu.spbstu.ru', 'Mtu;4E')
INSERT INTO tb_Account VALUES('Medvedev.st@edu.spbstu.ru', 'T]Gpx8')
INSERT INTO tb_Account VALUES('Meshkov.vl@edu.spbstu.ru', '/LKt6c')
INSERT INTO tb_Account VALUES('Minina.an@edu.spbstu.ru', 'WU^6pu')
INSERT INTO tb_Account VALUES('Molodtsova.na@edu.spbstu.ru', 'Hke=D9')
INSERT INTO tb_Account VALUES('Mukharramov.ai@edu.spbstu.ru', 'A3-qwS')
INSERT INTO tb_Account VALUES('Nikiforov.dm@edu.spbstu.ru', '!6wMLt')
INSERT INTO tb_Account VALUES('Ogurechnikov.ni@edu.spbstu.ru', 'oi0_DB')
INSERT INTO tb_Account VALUES('Popov.ev@edu.spbstu.ru', '5uoB^U')
INSERT INTO tb_Account VALUES('Romanova.ma@edu.spbstu.ru', 'XimE8[')
INSERT INTO tb_Account VALUES('Rubinova.ra@edu.spbstu.ru', '|hYBj6')
INSERT INTO tb_Account VALUES('Rybakovskaya.an@edu.spbstu.ru', '1x#KCn')
INSERT INTO tb_Account VALUES('Senya.il@edu.spbstu.ru', '(EryH7')
INSERT INTO tb_Account VALUES('Timoshenko.va@edu.spbstu.ru', '1m^nPL')
INSERT INTO tb_Account VALUES('Russian.al@edu.spbstu.ru', 'HwX8d$')
INSERT INTO tb_Account VALUES('Tsikunov.ol@edu.spbstu.ru', '#9MsnN')
INSERT INTO tb_Account VALUES('Shipov.ro@edu.spbstu.ru', 'MC:zb6')
INSERT INTO tb_Account VALUES('Strobel.ni@edu.spbstu.ru', 'WP{8ub')
INSERT INTO tb_Account VALUES('Borisov.dm@edu.spbstu.ru', '6UzLg}')
INSERT INTO tb_Account VALUES('Dvornikova.ar@edu.spbstu.ru', 'U$B0tz')
INSERT INTO tb_Account VALUES('Ivanova.ya2@edu.spbstu.ru', 'Q^n0Jc')
INSERT INTO tb_Account VALUES('Koludarov.py@edu.spbstu.ru', '^BbE5l')
INSERT INTO tb_Account VALUES('Kraeva.sv@edu.spbstu.ru', '4*aSVc')
INSERT INTO tb_Account VALUES('Savikovsky.ar@edu.spbstu.ru', 'aI7E*z')
INSERT INTO tb_Account VALUES('Smirnov.al@edu.spbstu.ru', '5ln|BI')
INSERT INTO tb_Account VALUES('Stepanov.dm@edu.spbstu.ru', 'w!B6Ey')
INSERT INTO tb_Account VALUES('Suvorov.vl@edu.spbstu.ru', 'F5cW?w')
INSERT INTO tb_Account VALUES('Fasakhov.ro@edu.spbstu.ru', '0x#HhW')
INSERT INTO tb_Account VALUES('Shvarev.ni@edu.spbstu.ru', '9zWLc.')
INSERT INTO tb_Account VALUES('Andreeva.na@edu.spbstu.ru', 'zQ8gZ%')
INSERT INTO tb_Account VALUES('Astashov.mi@edu.spbstu.ru', 'w9Pb?O')
INSERT INTO tb_Account VALUES('Basharina.ek@edu.spbstu.ru', 'J3T,js')
INSERT INTO tb_Account VALUES('Bezdenezhnykh.au@edu.spbstu.ru', 'a7-UgD')
INSERT INTO tb_Account VALUES('Natalia.an@edu.spbstu.ru', 'Iw1X,n')
INSERT INTO tb_Account VALUES('Buldakova.ma@edu.spbstu.ru', '6OejB(')
INSERT INTO tb_Account VALUES('Vereshchagina.so@edu.spbstu.ru', 'sR9nD%')
INSERT INTO tb_Account VALUES('Volynets.ar@edu.spbstu.ru', 'mOoH?8')
INSERT INTO tb_Account VALUES('Gavrilov.an@edu.spbstu.ru', 'WFb*e3')
INSERT INTO tb_Account VALUES('Zhuk.va@edu.spbstu.ru', 'zU2xW(')
INSERT INTO tb_Account VALUES('Zavyalov.ni@edu.spbstu.ru', '=jbEP6')
INSERT INTO tb_Account VALUES('Zinkina.ma@edu.spbstu.ru', 'm~OnP5')
INSERT INTO tb_Account VALUES('Isaev.ev@edu.spbstu.ru', 'Nb/q8G')
INSERT INTO tb_Account VALUES('Kalachev.eg@edu.spbstu.ru', 'a3zC^U')
INSERT INTO tb_Account VALUES('Kondraev.dm@edu.spbstu.ru', 'g5L~Jn')
INSERT INTO tb_Account VALUES('Korenova.an@edu.spbstu.ru', 'XwjO1~')
INSERT INTO tb_Account VALUES('Kulygin.eg@edu.spbstu.ru', '!CMe7z')
INSERT INTO tb_Account VALUES('Malyshev.dm@edu.spbstu.ru', '1BJ;ui')
INSERT INTO tb_Account VALUES('Min.al@edu.spbstu.ru', 'N:3Exj')
INSERT INTO tb_Account VALUES('Priezdyev.an@edu.spbstu.ru', '5E}ihT')
INSERT INTO tb_Account VALUES('Sun.ch@edu.spbstu.ru', 'aeU;3T')
INSERT INTO tb_Account VALUES('Shuker.iv@edu.spbstu.ru', 'RAq.j3')
INSERT INTO tb_Account VALUES('Aidarov.re@edu.spbstu.ru', '~R2ijF')
INSERT INTO tb_Account VALUES('Ataev.an@edu.spbstu.ru', 'a1I(mR')
INSERT INTO tb_Account VALUES('Belova.ma@edu.spbstu.ru', '9hZ_wX')
INSERT INTO tb_Account VALUES('Vasiliev.fy@edu.spbstu.ru', '_aHc4O')
INSERT INTO tb_Account VALUES('Urov.ar@edu.spbstu.ru', 'zO=Xn8')
INSERT INTO tb_Account VALUES('Gabdulina.sa@edu.spbstu.ru', 'k)2UsT')
INSERT INTO tb_Account VALUES('Golovin.ki@edu.spbstu.ru', 'V0Yyu$')
INSERT INTO tb_Account VALUES('Gromova.ye@edu.spbstu.ru', 's0d=RE')
INSERT INTO tb_Account VALUES('Gulyaev.an@edu.spbstu.ru', 'xFW6!i')
INSERT INTO tb_Account VALUES('Fyodor.an@edu.spbstu.ru', 'Uk5j%K')
INSERT INTO tb_Account VALUES('Dambieva.al@edu.spbstu.ru', 'Tn0_Dx')
INSERT INTO tb_Account VALUES('Prince.vl@edu.spbstu.ru', 'be$EQ1')
INSERT INTO tb_Account VALUES('Zolotarev.ru@edu.spbstu.ru', '1R]Cdy')
INSERT INTO tb_Account VALUES('Karina.ma@edu.spbstu.ru', 'w^X9lG')
INSERT INTO tb_Account VALUES('Kazerin.ki@edu.spbstu.ru', '2dg$LI')
GO



USE db_SPbSTU
INSERT INTO tb_Institute(InstituteName, ShortName, Email, Website, DetAddress, Phone)
	VALUES('Инженерно-строительный',
			'ИСИ',
			'office@ici.spbstu.ru',
			'ici.spbstu.ru',
			'1-й учебный корпус, ул. Политехническая, дом 29В, Санкт-Петербург, 194064',
			'9118424789')
INSERT INTO tb_Institute(InstituteName, ShortName, Email, Website, DetAddress, Phone)
	VALUES('Институт машиностроения, материалов и транспорта',
			'ИММиТ',
			'office@immt.spbstu.ru',
			'immt.spbstu.ru',
			'2-й учебный корпус, ул. Политехническая, дом 29В, Санкт-Петербург, 194064',
			'9118424456')
INSERT INTO tb_Institute(InstituteName, ShortName, Email, Website, DetAddress, Phone)
	VALUES('Институт энергетики',
			'ИЭ',
			'office@ui.spbstu.ru',
			'ui.spbstu.ru',
			'3-й учебный корпус, ул. Политехническая, дом 29В, Санкт-Петербург, 194064',
			'9118424123')
INSERT INTO tb_Institute(InstituteName, ShortName, Email, Website, DetAddress, Phone)
	VALUES('Институт физики, нанотехнологий и телекоммуникаций',
			'ИФНиТ',
			'office@ifnt.spbstu.ru',
			'ifnt.spbstu.ru',
			'4-й учебный корпус, ул. Политехническая, дом 29В, Санкт-Петербург, 194064',
			'9118424741')
INSERT INTO tb_Institute(InstituteName, ShortName, Email, Website, DetAddress, Phone)
	VALUES('Институт компьютерных наук и технологий',
			'ИКНТ',
			'office@icc.spbstu.ru',
			'icst.spbstu.ru',
			'3-й учебный корпус, ул. Политехническая, дом 29В, Санкт-Петербург, 194064',
			'9118424506')
INSERT INTO tb_Institute(InstituteName, ShortName, Email, Website, DetAddress, Phone)
	VALUES('Институт прикладной математики и механики',
			'ИПММ',
			'office@ipmm.spbstu.ru',
			'ipmm.spbstu.ru',
			'5-й учебный корпус, ул. Политехническая, дом 29В, Санкт-Петербург, 194064',
			'9118424852')
INSERT INTO tb_Institute(InstituteName, ShortName, Email, Website, DetAddress, Phone)
	VALUES('Институт промышленного менеджмента, экономики и торговли',
			'ИПМЭиТ',
			'office@ipmit.spbstu.ru',
			'ipmit.spbstu.ru',
			'9118424963',
			'')
INSERT INTO tb_Institute(InstituteName, ShortName, Email, Website, DetAddress, Phone)
	VALUES('Гуманитарный институт',
			'ГИ',
			'office@ig.spbstu.ru',
			'ig.spbstu.ru',
			'6-й учебный корпус, ул. Политехническая, дом 29В, Санкт-Петербург, 194064',
			'9188424753')
INSERT INTO tb_Institute(InstituteName, ShortName, Email, Website, DetAddress, Phone)
	VALUES('Институт биомедицинских систем и биотехнологий',
			'ИБСиБ',
			'office@ibcb.spbstu.ru',
			'ibcb.spbstu.ru',
			'7-й учебный корпус, ул. Политехническая, дом 29В, Санкт-Петербург, 194064',
			'9188424951')
INSERT INTO tb_Institute(InstituteName, ShortName, Email, Website, DetAddress, Phone)
	VALUES('Институт кибербезопасности и защиты информации',
			'ИКиЗИ',
			'office@ikzi.spbstu.ru',
			'ikzi.spbstu.ru',
			'8-й учебный корпус, ул. Политехническая, дом 29В, Санкт-Петербург, 194064',
			'9178424634')
GO


USE db_SPbSTU
INSERT INTO tb_Profession(InstituteShortName, ProfessionCode, ProfessionName, TuitionFee)
	VALUES('ИСИ', '08.03.01', 'Строительство', 220000)
INSERT INTO tb_Profession(InstituteShortName, ProfessionCode, ProfessionName, TuitionFee)
	VALUES('ИСИ', '08.05.01', 'Строительство уникальных зданий и сооружений', 2200000)
INSERT INTO tb_Profession(InstituteShortName, ProfessionCode, ProfessionName, TuitionFee)
	VALUES('ИСИ', '20.03.01', 'Техносферная безопасность', 220000)
INSERT INTO tb_Profession(InstituteShortName, ProfessionCode, ProfessionName, TuitionFee)
	VALUES('ИСИ', '54.03.01', 'Дизайн', 220000)
INSERT INTO tb_Profession(InstituteShortName, ProfessionCode, ProfessionName, TuitionFee)
	VALUES('ИММиТ', '15.03.01', 'МашиностроениЕ', 256000)
INSERT INTO tb_Profession(InstituteShortName, ProfessionCode, ProfessionName, TuitionFee)
	VALUES('ИММиТ', '15.03.02', 'Технологические машины и оборудование', 256000)
INSERT INTO tb_Profession(InstituteShortName, ProfessionCode, ProfessionName, TuitionFee)
	VALUES('ИММиТ', '15.03.04', 'Автоматизация технологических процессов и производств', 256000)
INSERT INTO tb_Profession(InstituteShortName, ProfessionCode, ProfessionName, TuitionFee)
	VALUES('ИММиТ', '15.03.05', 'Конструкторско-технологическое обеспечение машиностроительных производств', 256000)
INSERT INTO tb_Profession(InstituteShortName, ProfessionCode, ProfessionName, TuitionFee)
	VALUES('ИММиТ', '15.03.06', 'Мехатроника и робототехника', 256000)
INSERT INTO tb_Profession(InstituteShortName, ProfessionCode, ProfessionName, TuitionFee)
	VALUES('ИММиТ', '22.03.01', 'Материаловедение и технологии материалов', 256000)
INSERT INTO tb_Profession(InstituteShortName, ProfessionCode, ProfessionName, TuitionFee)
	VALUES('ИММиТ', '23.03.01', 'Технология транспортных процессов', 256000)
INSERT INTO tb_Profession(InstituteShortName, ProfessionCode, ProfessionName, TuitionFee)
	VALUES('ИММиТ', '23.03.02', 'Наземные транспортно-технологические комплексы', 256000)
INSERT INTO tb_Profession(InstituteShortName, ProfessionCode, ProfessionName, TuitionFee)
	VALUES('ИММиТ', '28.03.01', 'Нанотехнологии и микросистемная техника', 256000)
INSERT INTO tb_Profession(InstituteShortName, ProfessionCode, ProfessionName, TuitionFee)
	VALUES('ИММиТ', '29.03.04', 'Технология художественной обработки материалов', 256000)
INSERT INTO tb_Profession(InstituteShortName, ProfessionCode, ProfessionName, TuitionFee)
	VALUES('ИММиТ', '22.03.02', 'Металлургия', 2560000)
INSERT INTO tb_Profession(InstituteShortName, ProfessionCode, ProfessionName, TuitionFee)
	VALUES('ИЭ', '13.03.01', 'Теплоэнергетика и теплотехника', 256000)
INSERT INTO tb_Profession(InstituteShortName, ProfessionCode, ProfessionName, TuitionFee)
	VALUES('ИЭ', '13.03.02', 'Электроэнергетика и электротехника', 320000)
INSERT INTO tb_Profession(InstituteShortName, ProfessionCode, ProfessionName, TuitionFee)
	VALUES('ИЭ', '13.03.03', 'Энергетическое машиностроение', 320000)
INSERT INTO tb_Profession(InstituteShortName, ProfessionCode, ProfessionName, TuitionFee)
	VALUES('ИЭ', '14.03.01', 'Ядерная энергетика и теплофизика', 320000)
INSERT INTO tb_Profession(InstituteShortName, ProfessionCode, ProfessionName, TuitionFee)
	VALUES('ИЭ', '14.05.02', 'Атомные станции: проектирование, эксплуатация и инжиниринг', 320000)
INSERT INTO tb_Profession(InstituteShortName, ProfessionCode, ProfessionName, TuitionFee)
	VALUES('ИФНиТ', '11.03.01', 'Радиотехника', 213000)
INSERT INTO tb_Profession(InstituteShortName, ProfessionCode, ProfessionName, TuitionFee)
	VALUES('ИФНиТ', '11.03.02', 'Инфокоммуникационные технологии и системы связи', 213000)
INSERT INTO tb_Profession(InstituteShortName, ProfessionCode, ProfessionName, TuitionFee)
	VALUES('ИФНиТ', '11.03.04', 'Электроника и наноэлектроника', 213000)
INSERT INTO tb_Profession(InstituteShortName, ProfessionCode, ProfessionName, TuitionFee)
	VALUES('ИФНиТ', '16.03.01', 'Техническая физика', 213000)
INSERT INTO tb_Profession(InstituteShortName, ProfessionCode, ProfessionName, TuitionFee)
	VALUES('ИФНиТ', '03.03.02', 'Физика', 213000)
INSERT INTO tb_Profession(InstituteShortName, ProfessionCode, ProfessionName, TuitionFee)
	VALUES('ИКНТ', '02.03.15', 'Фундаментальная информатика и информационные технологии', 250000)
INSERT INTO tb_Profession(InstituteShortName, ProfessionCode, ProfessionName, TuitionFee)
	VALUES('ИКНТ', '02.03.03', 'Математическое обеспечение и администрирование информационных систем', 250000)
INSERT INTO tb_Profession(InstituteShortName, ProfessionCode, ProfessionName, TuitionFee)
	VALUES('ИКНТ', '09.03.01', 'Информатика и вычислительная техника', 250000)
INSERT INTO tb_Profession(InstituteShortName, ProfessionCode, ProfessionName, TuitionFee)
	VALUES('ИКНТ', '09.03.02', 'Информационные системы и технологиИ', 250000)
INSERT INTO tb_Profession(InstituteShortName, ProfessionCode, ProfessionName, TuitionFee)
	VALUES('ИКНТ', '09.03.03', 'Прикладная информатика', 250000)
INSERT INTO tb_Profession(InstituteShortName, ProfessionCode, ProfessionName, TuitionFee)
	VALUES('ИКНТ', '09.03.04', 'Программная инженерия', 250000)
INSERT INTO tb_Profession(InstituteShortName, ProfessionCode, ProfessionName, TuitionFee)
	VALUES('ИКНТ', '27.03.01', 'Стандартизация и метрология', 250000)
INSERT INTO tb_Profession(InstituteShortName, ProfessionCode, ProfessionName, TuitionFee)
	VALUES('ИКНТ', '27.03.02', 'Управление качеством', 250000)
INSERT INTO tb_Profession(InstituteShortName, ProfessionCode, ProfessionName, TuitionFee)
	VALUES('ИКНТ', '27.03.03', 'Системный анализ и управление', 250000)
INSERT INTO tb_Profession(InstituteShortName, ProfessionCode, ProfessionName, TuitionFee)
	VALUES('ИКНТ', '27.03.04', 'Управление в технических системах', 250000)
INSERT INTO tb_Profession(InstituteShortName, ProfessionCode, ProfessionName, TuitionFee)
	VALUES('ИКНТ', '27.03.05', 'Инноватика', 250000)
INSERT INTO tb_Profession(InstituteShortName, ProfessionCode, ProfessionName, TuitionFee)
	VALUES('ИПММ', '01.03.02', 'Прикладная математика и информатика', 230000)
INSERT INTO tb_Profession(InstituteShortName, ProfessionCode, ProfessionName, TuitionFee)
	VALUES('ИПММ', '01.03.03', 'Механика и математическое моделирование', 230000)
INSERT INTO tb_Profession(InstituteShortName, ProfessionCode, ProfessionName, TuitionFee)
	VALUES('ИПММ', '02.03.01', 'Математика и компьютерные науки', 230000)
INSERT INTO tb_Profession(InstituteShortName, ProfessionCode, ProfessionName, TuitionFee)
	VALUES('ИПММ', '02.03.02', 'Прикладная механика', 230000)
INSERT INTO tb_Profession(InstituteShortName, ProfessionCode, ProfessionName, TuitionFee)
	VALUES('ИПММ', '03.03.01', 'Прикладные математика и физика', 230000)
INSERT INTO tb_Profession(InstituteShortName, ProfessionCode, ProfessionName, TuitionFee)
	VALUES('ИПМЭиТ', '38.03.01', 'Экономика', 230000)
INSERT INTO tb_Profession(InstituteShortName, ProfessionCode, ProfessionName, TuitionFee)
	VALUES('ИПМЭиТ', '38.03.02', 'Менеджмент', 230000)
INSERT INTO tb_Profession(InstituteShortName, ProfessionCode, ProfessionName, TuitionFee)
	VALUES('ИПМЭиТ', '38.03.03', 'Управление персоналом', 230000)
INSERT INTO tb_Profession(InstituteShortName, ProfessionCode, ProfessionName, TuitionFee)
	VALUES('ИПМЭиТ', '38.03.06', 'Торговое дело', 230000)
INSERT INTO tb_Profession(InstituteShortName, ProfessionCode, ProfessionName, TuitionFee)
	VALUES('ИПМЭиТ', '38.03.07', 'Товароведение', 230000)
INSERT INTO tb_Profession(InstituteShortName, ProfessionCode, ProfessionName, TuitionFee)
	VALUES('ИПМЭиТ', '38.03.04', 'Государственное и муниципальное управление', 230000)
INSERT INTO tb_Profession(InstituteShortName, ProfessionCode, ProfessionName, TuitionFee)
	VALUES('ИПМЭиТ', '38.03.05', 'Бизнес-информатика', 230000)
INSERT INTO tb_Profession(InstituteShortName, ProfessionCode, ProfessionName, TuitionFee)
	VALUES('ИПМЭиТ', '38.05.01', 'Экономическая безопасность', 230000)
INSERT INTO tb_Profession(InstituteShortName, ProfessionCode, ProfessionName, TuitionFee)
	VALUES('ИПМЭиТ', '43.03.02', 'Туризм', 230000)
INSERT INTO tb_Profession(InstituteShortName, ProfessionCode, ProfessionName, TuitionFee)
	VALUES('ИПМЭиТ', '43.03.03', 'Гостиничное дело', 230000)
INSERT INTO tb_Profession(InstituteShortName, ProfessionCode, ProfessionName, TuitionFee)
	VALUES('ГИ', '40.03.01', 'Юриспруденция', 230000)
INSERT INTO tb_Profession(InstituteShortName, ProfessionCode, ProfessionName, TuitionFee)
	VALUES('ГИ', '42.03.01', 'Реклама и связи с общественностью', 230000)
INSERT INTO tb_Profession(InstituteShortName, ProfessionCode, ProfessionName, TuitionFee)
	VALUES('ГИ', '40.05.03', 'Судебная экспертиза', 230000)
INSERT INTO tb_Profession(InstituteShortName, ProfessionCode, ProfessionName, TuitionFee)
	VALUES('ГИ', '41.03.01', 'Зарубежное регионоведение', 230000)
INSERT INTO tb_Profession(InstituteShortName, ProfessionCode, ProfessionName, TuitionFee)
	VALUES('ГИ', '42.03.03', 'Издательское дело', 230000)
INSERT INTO tb_Profession(InstituteShortName, ProfessionCode, ProfessionName, TuitionFee)
	VALUES('ГИ', '45.03.02', 'Лингвистика', 230000)
INSERT INTO tb_Profession(InstituteShortName, ProfessionCode, ProfessionName, TuitionFee)
	VALUES('ГИ', '44.03.02', 'Психолого-педагогическое образование', 230000)
INSERT INTO tb_Profession(InstituteShortName, ProfessionCode, ProfessionName, TuitionFee)
	VALUES('ИБСиБ', '12.03.04', 'Биотехнические системы и технологии', 230000)
INSERT INTO tb_Profession(InstituteShortName, ProfessionCode, ProfessionName, TuitionFee)
	VALUES('ИБСиБ', '19.03.01', 'Биотехнология', 230000)
INSERT INTO tb_Profession(InstituteShortName, ProfessionCode, ProfessionName, TuitionFee)
	VALUES('ИБСиБ', '19.03.04', 'Технология продукции и организация общественного питания', 230000)
INSERT INTO tb_Profession(InstituteShortName, ProfessionCode, ProfessionName, TuitionFee)
	VALUES('ИКиЗИ', '10.03.01', 'Информационная безопасность', 230000)
INSERT INTO tb_Profession(InstituteShortName, ProfessionCode, ProfessionName, TuitionFee)
	VALUES('ИКиЗИ', '10.05.01', 'Компьютерная безопасность', 230000)
INSERT INTO tb_Profession(InstituteShortName, ProfessionCode, ProfessionName, TuitionFee)
	VALUES('ИКиЗИ', '10.05.03', 'Информационная безопасность автоматизированных систем', 230000)
INSERT INTO tb_Profession(InstituteShortName, ProfessionCode, ProfessionName, TuitionFee)
	VALUES('ИКиЗИ', '10.05.04', 'Информационно-аналитические системы безопасности', 230000)
GO

USE db_SPbSTU
INSERT INTO tb_Staff(StaffName, Gender, Birthday, Phone, Email, Hiredate, Post, InstituteShortName, Condition)
	VALUES('Кузнецова Валерия Владимировна', 1, '1975-5-9', '9025675268', 'dawawa@yandex.ru', '2008-9-1', 'Профессор', 'ИЭ', 'Работа')
INSERT INTO tb_Staff(StaffName, Gender, Birthday, Phone, Email, Hiredate, Post, InstituteShortName, Condition)
	VALUES('Хрыпко Анна Андреевна', 0, '1970-8-19', '9025675268', 'dwqax@gmail.com', '2010-8-12', 'Профессор', 'ИФНиТ', 'Работа')
INSERT INTO tb_Staff(StaffName, Gender, Birthday, Phone, Email, Hiredate, Post, InstituteShortName, Condition)
	VALUES('Еракина Екатерина Олеговна', 0, '1973-9-22', '9025675268', 'hdfgbret@yandex.ru', '2012-4-14', 'Преподаватель', 'ИКНТ', 'Работа')
INSERT INTO tb_Staff(StaffName, Gender, Birthday, Phone, Email, Hiredate, Post, InstituteShortName, Condition)
	VALUES('Ожигова Анна Сергеевна', 0, '1976-10-4', '9025675268', 'awsdf@gmail.com', '2003-11-25', 'Профессор', 'ИПММ', 'Работа')
INSERT INTO tb_Staff(StaffName, Gender, Birthday, Phone, Email, Hiredate, Post, InstituteShortName, Condition)
	VALUES('Стучинская Полина Георгиевна', 1, '1977-12-12', '9025675268', 'jytdfg@yandex.ru', '2004-12-2', 'Профессор', 'ИПММ', 'Работа')
INSERT INTO tb_Staff(StaffName, Gender, Birthday, Phone, Email, Hiredate, Post, InstituteShortName, Condition)
	VALUES('Иванова Наталья Игоревна', 0, '1970-5-17', '9025675268', 'dghyt@gmail.com', '2018-3-14', 'Преподаватель', 'ИПМЭиТ', 'Работа')
INSERT INTO tb_Staff(StaffName, Gender, Birthday, Phone, Email, Hiredate, Post, InstituteShortName, Condition)
	VALUES('Кириллова Ульяна Евгеньевна', 1, '1983-6-5', '9025675268', 'ifhg4@gmail.com', '2020-4-1', 'Профессор', 'ИПМЭиТ', 'Работа')
INSERT INTO tb_Staff(StaffName, Gender, Birthday, Phone, Email, Hiredate, Post, InstituteShortName, Condition)
	VALUES('Кротиков Сергей Ильич', 1, '1981-1-11', '9025675268', 'htrs@yandex.ru', '2007-8-19', 'Профессор', 'ГИ', 'Работа')
INSERT INTO tb_Staff(StaffName, Gender, Birthday, Phone, Email, Hiredate, Post, InstituteShortName, Condition)
	VALUES('Лыжина Мария Сергеевна', 0, '1976-9-29', '9025675268', 'f43sd@gmail.com', '2003-7-28', 'Профессор', 'ИБСиБ', 'Работа')
INSERT INTO tb_Staff(StaffName, Gender, Birthday, Phone, Email, Hiredate, Post, InstituteShortName, Condition)
	VALUES('Лукин Константин Алексеевич', 1, '1983-7-30', '9025675268', 'fs34@gmail.com', '1999-7-22', 'Профессор', 'ИКНТ', 'Стажировка')
INSERT INTO tb_Staff(StaffName, Gender, Birthday, Phone, Email, Hiredate, Post, InstituteShortName, Condition)
	VALUES('Литвин Мария Владимировна', 0, '1976-11-1', '9025675268', 'gsre@yandex.ru', '1998-8-18', 'Преподаватель', 'ИКиЗИ', 'Работа')
INSERT INTO tb_Staff(StaffName, Gender, Birthday, Phone, Email, Hiredate, Post, InstituteShortName, Condition)
	VALUES('Соловьева Екатерина Витальевна', 1, '1970-5-35', '9025675268', '34sdf5@gmail.com', '2008-9-16', 'Доцент', 'ИКНТ', 'Работа')
GO

USE db_SPbSTU
INSERT INTO tb_Student(StudentName, Gender, Birthday, Phone, Account, Email, InstituteShortName, ProfessionCode, Degree, StudyType, EnrollTime, Class, TrainStatus) VALUES('Абдуллин Данил Якупович', 1, '2000-5-5', '9048454232', 'Shulga.mi@edu.spbstu.ru', '@gmail.com', 'ИСИ', '08.03.01', '1', '1', '2019-9-1', '4530801/90001', '1')
INSERT INTO tb_Student(StudentName, Gender, Birthday, Phone, Account, Email, InstituteShortName, ProfessionCode, Degree, StudyType, EnrollTime, Class, TrainStatus) VALUES('Алещенко Михаил Андреевич', 1, '2000-5-5', '9048454232', 'Shumov.ch@edu.spbstu.ru', '@gmail.com', 'ИСИ', '08.03.01', '1', '1', '2019-9-1', '4530801/90001', '1')
INSERT INTO tb_Student(StudentName, Gender, Birthday, Phone, Account, Email, InstituteShortName, ProfessionCode, Degree, StudyType, EnrollTime, Class, TrainStatus) VALUES('Аманова Гулалек', 1, '2000-5-5', '9048454232', 'Edel.ma@edu.spbstu.ru', '@gmail.com', 'ИСИ', '08.03.01', '1', '1', '2019-9-1', '4530801/90001', '1')
INSERT INTO tb_Student(StudentName, Gender, Birthday, Phone, Account, Email, InstituteShortName, ProfessionCode, Degree, StudyType, EnrollTime, Class, TrainStatus) VALUES('Ахметшин Рауль Ильдарович', 1, '2000-5-5', '9048454232', 'Ageev.an@edu.spbstu.ru', '@gmail.com', 'ИСИ', '08.03.01', '1', '1', '2019-9-1', '4530801/90001', '1')
INSERT INTO tb_Student(StudentName, Gender, Birthday, Phone, Account, Email, InstituteShortName, ProfessionCode, Degree, StudyType, EnrollTime, Class, TrainStatus) VALUES('Баев Даниил Андреевич', 1, '2000-5-5', '9048454232', 'Brinov.fy@edu.spbstu.ru', '@gmail.com', 'ИСИ', '08.03.01', '1', '1', '2019-9-1', '4530801/90001', '1')
INSERT INTO tb_Student(StudentName, Gender, Birthday, Phone, Account, Email, InstituteShortName, ProfessionCode, Degree, StudyType, EnrollTime, Class, TrainStatus) VALUES('Белоногов Алексей Константинович', 1, '2000-5-5', '9048454232', 'Bragin.dm@edu.spbstu.ru', '@gmail.com', 'ИСИ', '08.03.01', '1', '1', '2019-9-1', '4530801/90001', '1')
INSERT INTO tb_Student(StudentName, Gender, Birthday, Phone, Account, Email, InstituteShortName, ProfessionCode, Degree, StudyType, EnrollTime, Class, TrainStatus) VALUES('Большакова Анна Сергеевна', 1, '2000-5-5', '9048454232', 'Vasiliev.al@edu.spbstu.ru', '@gmail.com', 'ИСИ', '08.03.01', '1', '1', '2019-9-1', '4530801/90001', '1')
INSERT INTO tb_Student(StudentName, Gender, Birthday, Phone, Account, Email, InstituteShortName, ProfessionCode, Degree, StudyType, EnrollTime, Class, TrainStatus) VALUES('Веденеева Екатерина Дмитриевна', 1, '2000-5-5', '9048454232', 'Demyanov.dm@edu.spbstu.ru', '@gmail.com', 'ИСИ', '08.03.01', '1', '1', '2019-9-1', '4530801/90001', '1')
INSERT INTO tb_Student(StudentName, Gender, Birthday, Phone, Account, Email, InstituteShortName, ProfessionCode, Degree, StudyType, EnrollTime, Class, TrainStatus) VALUES('Веселый Дмитрий Витальевич', 1, '2000-5-5', '9048454232', 'Egorov.gl@edu.spbstu.ru', '@gmail.com', 'ИСИ', '08.03.01', '1', '1', '2019-9-1', '4530801/90001', '1')
INSERT INTO tb_Student(StudentName, Gender, Birthday, Phone, Account, Email, InstituteShortName, ProfessionCode, Degree, StudyType, EnrollTime, Class, TrainStatus) VALUES('Воротников Андрей Алексеевич', 1, '2000-5-5', '9048454232', 'Zatylkin.pa@edu.spbstu.ru', '@gmail.com', 'ИСИ', '54.03.01', '1', '1', '2019-9-1', '4530801/90001', '1')
INSERT INTO tb_Student(StudentName, Gender, Birthday, Phone, Account, Email, InstituteShortName, ProfessionCode, Degree, StudyType, EnrollTime, Class, TrainStatus) VALUES('Вэнь Шэн', 1, '2000-5-5', '9048454232', 'Nadezhda.ko@edu.spbstu.ru', '@gmail.com', 'ИСИ', '54.03.01', '1', '1', '2019-9-1', '4530801/90001', '1')
INSERT INTO tb_Student(StudentName, Gender, Birthday, Phone, Account, Email, InstituteShortName, ProfessionCode, Degree, StudyType, EnrollTime, Class, TrainStatus) VALUES('Габдушев Рушан Мансурович', 1, '2000-5-5', '9048454232', 'Korsukov.ev@edu.spbstu.ru', '@gmail.com', 'ИСИ', '54.03.01', '1', '1', '2019-9-1', '4530801/90001', '1')
INSERT INTO tb_Student(StudentName, Gender, Birthday, Phone, Account, Email, InstituteShortName, ProfessionCode, Degree, StudyType, EnrollTime, Class, TrainStatus) VALUES('Горнаков Даниил Евгеньевич', 1, '2000-5-5', '9048454232', 'Krasheninnikov.vl@edu.spbstu.ru', '@gmail.com', 'ИСИ', '54.03.01', '1', '1', '2019-9-1', '4530801/90001', '1')
INSERT INTO tb_Student(StudentName, Gender, Birthday, Phone, Account, Email, InstituteShortName, ProfessionCode, Degree, StudyType, EnrollTime, Class, TrainStatus) VALUES('Деркаченко Анна Олеговна', 1, '2000-5-5', '9048454232', 'Mesheryakov.ge@edu.spbstu.ru', '@gmail.com', 'ИСИ', '54.03.01', '1', '1', '2019-9-1', '4530801/90001', '1')
INSERT INTO tb_Student(StudentName, Gender, Birthday, Phone, Account, Email, InstituteShortName, ProfessionCode, Degree, StudyType, EnrollTime, Class, TrainStatus) VALUES('Домбровский Дмитрий Андреевич', 1, '2000-5-5', '9048454232', 'Motor.ni@edu.spbstu.ru', '@gmail.com', 'ИСИ', '54.03.01', '1', '1', '2019-9-1', '4530801/90001', '1')
INSERT INTO tb_Student(StudentName, Gender, Birthday, Phone, Account, Email, InstituteShortName, ProfessionCode, Degree, StudyType, EnrollTime, Class, TrainStatus) VALUES('Егерев Артём Олегович', 1, '2000-5-5', '9048454232', 'Prinmak.ek@edu.spbstu.ru', '@gmail.com', 'ИСИ', '54.03.01', '1', '1', '2019-9-1', '4530801/90001', '1')
INSERT INTO tb_Student(StudentName, Gender, Birthday, Phone, Account, Email, InstituteShortName, ProfessionCode, Degree, StudyType, EnrollTime, Class, TrainStatus) VALUES('Ефременко Влада Андреевна', 1, '2000-5-5', '9048454232', 'Smolyakov.iv@edu.spbstu.ru', '@gmail.com', 'ИСИ', '54.03.01', '1', '1', '2019-9-1', '4530801/90001', '1')
INSERT INTO tb_Student(StudentName, Gender, Birthday, Phone, Account, Email, InstituteShortName, ProfessionCode, Degree, StudyType, EnrollTime, Class, TrainStatus) VALUES('Жеребкин Николай Геннадьевич', 1, '2000-5-5', '9048454232', 'Sobolev.de@edu.spbstu.ru', '@gmail.com', 'ИСИ', '54.03.01', '1', '1', '2019-9-1', '4530801/90001', '1')
INSERT INTO tb_Student(StudentName, Gender, Birthday, Phone, Account, Email, InstituteShortName, ProfessionCode, Degree, StudyType, EnrollTime, Class, TrainStatus) VALUES('Звездин Антон Владимирович', 1, '2000-5-5', '9048454232', 'Veronika.se@edu.spbstu.ru', '@gmail.com', 'ИСИ', '54.03.01', '1', '1', '2019-9-1', '4530801/90001', '1')
INSERT INTO tb_Student(StudentName, Gender, Birthday, Phone, Account, Email, InstituteShortName, ProfessionCode, Degree, StudyType, EnrollTime, Class, TrainStatus) VALUES('Ивакин Алексей Борисович', 1, '2000-5-5', '9048454232', 'Badrtdinov.vl@edu.spbstu.ru', '@gmail.com', 'ИСИ', '54.03.01', '1', '1', '2019-9-1', '4530801/90001', '1')
INSERT INTO tb_Student(StudentName, Gender, Birthday, Phone, Account, Email, InstituteShortName, ProfessionCode, Degree, StudyType, EnrollTime, Class, TrainStatus) VALUES('Кабанова Анна Константиновна', 1, '2000-5-5', '9048454232', 'Baymukhov.sa@edu.spbstu.ru', '@gmail.com', 'ИММиТ', '15.03.01', '1', '1', '2019-9-1', '2303010/90001', '1')
INSERT INTO tb_Student(StudentName, Gender, Birthday, Phone, Account, Email, InstituteShortName, ProfessionCode, Degree, StudyType, EnrollTime, Class, TrainStatus) VALUES('Качурина Анастасия Сергеевна', 1, '2000-5-5', '9048454232', 'Belousova.ek@edu.spbstu.ru', '@gmail.com', 'ИММиТ', '15.03.01', '1', '1', '2019-9-1', '2303010/90001', '1')
INSERT INTO tb_Student(StudentName, Gender, Birthday, Phone, Account, Email, InstituteShortName, ProfessionCode, Degree, StudyType, EnrollTime, Class, TrainStatus) VALUES('Кирилин Иван Алексеевич', 1, '2000-5-5', '9048454232', 'Varvarkina.ek@edu.spbstu.ru', '@gmail.com', 'ИММиТ', '15.03.01', '1', '1', '2019-9-1', '2303010/90001', '1')
INSERT INTO tb_Student(StudentName, Gender, Birthday, Phone, Account, Email, InstituteShortName, ProfessionCode, Degree, StudyType, EnrollTime, Class, TrainStatus) VALUES('Киселева Александра Александровна', 1, '2000-5-5', '9048454232', 'Vasilyeva.an@edu.spbstu.ru', '@gmail.com', 'ИММиТ', '15.03.01', '1', '1', '2019-9-1', '2303010/90001', '1')
INSERT INTO tb_Student(StudentName, Gender, Birthday, Phone, Account, Email, InstituteShortName, ProfessionCode, Degree, StudyType, EnrollTime, Class, TrainStatus) VALUES('Князев Александр Павлович', 1, '2000-5-5', '9048454232', 'Vasilyeva.da@edu.spbstu.ru', '@gmail.com', 'ИММиТ', '15.03.01', '1', '1', '2019-9-1', '2303010/90001', '1')
INSERT INTO tb_Student(StudentName, Gender, Birthday, Phone, Account, Email, InstituteShortName, ProfessionCode, Degree, StudyType, EnrollTime, Class, TrainStatus) VALUES('Ковалёва Ольга Анатольевна', 1, '2000-5-5', '9048454232', 'Gorbushin.le@edu.spbstu.ru', '@gmail.com', 'ИММиТ', '15.03.01', '1', '1', '2019-9-1', '2303010/90001', '1')
INSERT INTO tb_Student(StudentName, Gender, Birthday, Phone, Account, Email, InstituteShortName, ProfessionCode, Degree, StudyType, EnrollTime, Class, TrainStatus) VALUES('Кожевникова Диана Геннадьевна', 1, '2000-5-5', '9048454232', 'Daibun.sa@edu.spbstu.ru', '@gmail.com', 'ИММиТ', '15.03.01', '1', '1', '2019-9-1', '2303010/90001', '1')
INSERT INTO tb_Student(StudentName, Gender, Birthday, Phone, Account, Email, InstituteShortName, ProfessionCode, Degree, StudyType, EnrollTime, Class, TrainStatus) VALUES('Кондратьев Илья Аркадьевич', 1, '2000-5-5', '9048454232', 'Ershov.al@edu.spbstu.ru', '@gmail.com', 'ИММиТ', '23.03.01', '1', '1', '2019-9-1', '2303010/90001', '1')
INSERT INTO tb_Student(StudentName, Gender, Birthday, Phone, Account, Email, InstituteShortName, ProfessionCode, Degree, StudyType, EnrollTime, Class, TrainStatus) VALUES('Кротиков Сергей Ильич', 1, '2000-5-5', '9048454232', 'Umilyaev.dm@edu.spbstu.ru', '@gmail.com', 'ИММиТ', '23.03.01', '1', '1', '2019-9-1', '2303010/90001', '1')
INSERT INTO tb_Student(StudentName, Gender, Birthday, Phone, Account, Email, InstituteShortName, ProfessionCode, Degree, StudyType, EnrollTime, Class, TrainStatus) VALUES('Куасси Сиемо Тит Гедеон', 1, '2000-5-5', '9048454232', 'Ivanova.ya2@edu.spbstu.ru', '@gmail.com', 'ИММиТ', '23.03.01', '1', '1', '2019-9-1', '2303010/90001', '1')
INSERT INTO tb_Student(StudentName, Gender, Birthday, Phone, Account, Email, InstituteShortName, ProfessionCode, Degree, StudyType, EnrollTime, Class, TrainStatus) VALUES('Кугергина Ирина Анатольевна', 1, '2000-5-5', '9048454232', 'Isilamov.bu@edu.spbstu.ru', '@gmail.com', 'ИММиТ', '23.03.01', '1', '1', '2019-9-1', '2303010/90001', '1')
INSERT INTO tb_Student(StudentName, Gender, Birthday, Phone, Account, Email, InstituteShortName, ProfessionCode, Degree, StudyType, EnrollTime, Class, TrainStatus) VALUES('Кудинова Виктория Геннадиевна', 1, '2000-5-5', '9048454232', 'Captain.ma@edu.spbstu.ru', '@gmail.com', 'ИММиТ', '23.03.01', '1', '1', '2019-9-1', '2303010/90001', '1')
INSERT INTO tb_Student(StudentName, Gender, Birthday, Phone, Account, Email, InstituteShortName, ProfessionCode, Degree, StudyType, EnrollTime, Class, TrainStatus) VALUES('Кунгуров Фёдор Алексеевич', 1, '2000-5-5', '9048454232', 'Kudrya.ev@edu.spbstu.ru', '@gmail.com', 'ИММиТ', '23.03.01', '1', '1', '2019-9-1', '2303010/90001', '1')
INSERT INTO tb_Student(StudentName, Gender, Birthday, Phone, Account, Email, InstituteShortName, ProfessionCode, Degree, StudyType, EnrollTime, Class, TrainStatus) VALUES('Литовченко Анна Сергеевна', 1, '2000-5-5', '9048454232', 'Ledovskaya.yu@edu.spbstu.ru', '@gmail.com', 'ИММиТ', '23.03.01', '1', '1', '2019-9-1', '2303010/90001', '1')
INSERT INTO tb_Student(StudentName, Gender, Birthday, Phone, Account, Email, InstituteShortName, ProfessionCode, Degree, StudyType, EnrollTime, Class, TrainStatus) VALUES('Лукин Константин Алексеевич', 1, '2000-5-5', '9048454232', 'Lyazhkov.se@edu.spbstu.ru', '@gmail.com', 'ИММиТ', '23.03.01', '1', '1', '2019-9-1', '2303010/90001', '1')
INSERT INTO tb_Student(StudentName, Gender, Birthday, Phone, Account, Email, InstituteShortName, ProfessionCode, Degree, StudyType, EnrollTime, Class, TrainStatus) VALUES('Лукьянова Евгения Сергеевна', 1, '2000-5-5', '9048454232', 'Medvedev.st@edu.spbstu.ru', '@gmail.com', 'ИММиТ', '23.03.01', '1', '1', '2019-9-1', '2303010/90001', '1')
INSERT INTO tb_Student(StudentName, Gender, Birthday, Phone, Account, Email, InstituteShortName, ProfessionCode, Degree, StudyType, EnrollTime, Class, TrainStatus) VALUES('Лунгу Александр', 1, '2000-5-5', '9048454232', 'Meshkov.vl@edu.spbstu.ru', '@gmail.com', 'ИЭ', '13.03.02', '1', '1', '2019-9-1', '1303024/90001', '1')
INSERT INTO tb_Student(StudentName, Gender, Birthday, Phone, Account, Email, InstituteShortName, ProfessionCode, Degree, StudyType, EnrollTime, Class, TrainStatus) VALUES('Лыжина Мария Сергеевна', 1, '2000-5-5', '9048454232', 'Minina.an@edu.spbstu.ru', '@gmail.com', 'ИЭ', '13.03.02', '1', '1', '2019-9-1', '1303024/90001', '1')
INSERT INTO tb_Student(StudentName, Gender, Birthday, Phone, Account, Email, InstituteShortName, ProfessionCode, Degree, StudyType, EnrollTime, Class, TrainStatus) VALUES('Маглий Екатерина Романовна', 1, '2000-5-5', '9048454232', 'Molodtsova.na@edu.spbstu.ru', '@gmail.com', 'ИЭ', '13.03.02', '1', '1', '2019-9-1', '1303024/90001', '1')
INSERT INTO tb_Student(StudentName, Gender, Birthday, Phone, Account, Email, InstituteShortName, ProfessionCode, Degree, StudyType, EnrollTime, Class, TrainStatus) VALUES('Меркулова Ольга Александровна', 1, '2000-5-5', '9048454232', 'Mukharramov.ai@edu.spbstu.ru', '@gmail.com', 'ИЭ', '13.03.02', '1', '1', '2019-9-1', '1303024/90001', '1')
INSERT INTO tb_Student(StudentName, Gender, Birthday, Phone, Account, Email, InstituteShortName, ProfessionCode, Degree, StudyType, EnrollTime, Class, TrainStatus) VALUES('Миланич Александр Александрович', 1, '2000-5-5', '9048454232', 'Nikiforov.dm@edu.spbstu.ru', '@gmail.com', 'ИЭ', '13.03.02', '1', '1', '2019-9-1', '1303024/90001', '1')
INSERT INTO tb_Student(StudentName, Gender, Birthday, Phone, Account, Email, InstituteShortName, ProfessionCode, Degree, StudyType, EnrollTime, Class, TrainStatus) VALUES('Мордовин Николай Игоревич', 1, '2000-5-5', '9048454232', 'Ogurechnikov.ni@edu.spbstu.ru', '@gmail.com', 'ИЭ', '13.03.02', '1', '1', '2019-9-1', '1303024/90001', '1')
INSERT INTO tb_Student(StudentName, Gender, Birthday, Phone, Account, Email, InstituteShortName, ProfessionCode, Degree, StudyType, EnrollTime, Class, TrainStatus) VALUES('Мякотин Игорь Сергеевич', 1, '2000-5-5', '9048454232', 'Popov.ev@edu.spbstu.ru', '@gmail.com', 'ИЭ', '13.03.02', '1', '1', '2019-9-1', '1303024/90001', '1')
INSERT INTO tb_Student(StudentName, Gender, Birthday, Phone, Account, Email, InstituteShortName, ProfessionCode, Degree, StudyType, EnrollTime, Class, TrainStatus) VALUES('Новацкая Ольга Юрьевна', 1, '2000-5-5', '9048454232', 'Romanova.ma@edu.spbstu.ru', '@gmail.com', 'ИЭ', '13.03.02', '1', '1', '2019-9-1', '1303024/90001', '1')
INSERT INTO tb_Student(StudentName, Gender, Birthday, Phone, Account, Email, InstituteShortName, ProfessionCode, Degree, StudyType, EnrollTime, Class, TrainStatus) VALUES('Носова Лидия Николаевна', 1, '2000-5-5', '9048454232', 'Rubinova.ra@edu.spbstu.ru', '@gmail.com', 'ИЭ', '13.03.02', '1', '1', '2019-9-1', '1303024/90001', '1')
INSERT INTO tb_Student(StudentName, Gender, Birthday, Phone, Account, Email, InstituteShortName, ProfessionCode, Degree, StudyType, EnrollTime, Class, TrainStatus) VALUES('Огородников Артём Алексеевич', 1, '2000-5-5', '9048454232', 'Rybakovskaya.an@edu.spbstu.ru', '@gmail.com', 'ИЭ', '13.03.02', '1', '1', '2019-9-1', '1303024/90001', '1')
INSERT INTO tb_Student(StudentName, Gender, Birthday, Phone, Account, Email, InstituteShortName, ProfessionCode, Degree, StudyType, EnrollTime, Class, TrainStatus) VALUES('Павлов Илья Сергеевич', 1, '2000-5-5', '9048454232', 'Senya.il@edu.spbstu.ru', '@gmail.com', 'ИФНиТ', '11.03.01', '1', '1', '2019-9-1', '1103018/90002', '1')
INSERT INTO tb_Student(StudentName, Gender, Birthday, Phone, Account, Email, InstituteShortName, ProfessionCode, Degree, StudyType, EnrollTime, Class, TrainStatus) VALUES('Парусов Владимир Алексеевич', 1, '2000-5-5', '9048454232', 'Timoshenko.va@edu.spbstu.ru', '@gmail.com', 'ИФНиТ', '11.03.01', '1', '1', '2019-9-1', '1103018/90002', '1')
INSERT INTO tb_Student(StudentName, Gender, Birthday, Phone, Account, Email, InstituteShortName, ProfessionCode, Degree, StudyType, EnrollTime, Class, TrainStatus) VALUES('Паульс Ирина Викторовна', 1, '2000-5-5', '9048454232', 'Russian.al@edu.spbstu.ru', '@gmail.com', 'ИФНиТ', '11.03.01', '1', '1', '2019-9-1', '1103018/90002', '1')
INSERT INTO tb_Student(StudentName, Gender, Birthday, Phone, Account, Email, InstituteShortName, ProfessionCode, Degree, StudyType, EnrollTime, Class, TrainStatus) VALUES('Попов Иван Владимирович', 1, '2000-5-5', '9048454232', 'Tsikunov.ol@edu.spbstu.ru', '@gmail.com', 'ИФНиТ', '11.03.01', '1', '1', '2019-9-1', '1103018/90002', '1')
INSERT INTO tb_Student(StudentName, Gender, Birthday, Phone, Account, Email, InstituteShortName, ProfessionCode, Degree, StudyType, EnrollTime, Class, TrainStatus) VALUES('Попов Иван Дмитриевич', 1, '2000-5-5', '9048454232', 'Shipov.ro@edu.spbstu.ru', '@gmail.com', 'ИФНиТ', '11.03.01', '1', '1', '2019-9-1', '1103018/90002', '1')
INSERT INTO tb_Student(StudentName, Gender, Birthday, Phone, Account, Email, InstituteShortName, ProfessionCode, Degree, StudyType, EnrollTime, Class, TrainStatus) VALUES('Порохин Александр Игоревич', 1, '2000-5-5', '9048454232', 'Strobel.ni@edu.spbstu.ru', '@gmail.com', 'ИФНиТ', '11.03.01', '1', '1', '2019-9-1', '1103018/90002', '1')
INSERT INTO tb_Student(StudentName, Gender, Birthday, Phone, Account, Email, InstituteShortName, ProfessionCode, Degree, StudyType, EnrollTime, Class, TrainStatus) VALUES('Пыряева Вера Алексеевна', 1, '2000-5-5', '9048454232', 'Borisov.dm@edu.spbstu.ru', '@gmail.com', 'ИФНиТ', '11.03.01', '1', '1', '2019-9-1', '1103018/90002', '1')
INSERT INTO tb_Student(StudentName, Gender, Birthday, Phone, Account, Email, InstituteShortName, ProfessionCode, Degree, StudyType, EnrollTime, Class, TrainStatus) VALUES('Редченко Евгений Юрьевич', 1, '2000-5-5', '9048454232', 'Dvornikova.ar@edu.spbstu.ru', '@gmail.com', 'ИФНиТ', '11.03.01', '1', '1', '2019-9-1', '1103018/90002', '1')
INSERT INTO tb_Student(StudentName, Gender, Birthday, Phone, Account, Email, InstituteShortName, ProfessionCode, Degree, StudyType, EnrollTime, Class, TrainStatus) VALUES('Реутов Александр Сергеевич', 1, '2000-5-5', '9048454232', 'Ivanova.ya@edu.spbstu.ru', '@gmail.com', 'ИФНиТ', '11.03.01', '1', '1', '2019-9-1', '1103018/90002', '1')
INSERT INTO tb_Student(StudentName, Gender, Birthday, Phone, Account, Email, InstituteShortName, ProfessionCode, Degree, StudyType, EnrollTime, Class, TrainStatus) VALUES('Садовой Владимир Денисович', 1, '2000-5-5', '9048454232', 'Koludarov.py@edu.spbstu.ru', '@gmail.com', 'ИКНТ', '', '1', '1', '2019-9-1', '3530904/90102', '1')
INSERT INTO tb_Student(StudentName, Gender, Birthday, Phone, Account, Email, InstituteShortName, ProfessionCode, Degree, StudyType, EnrollTime, Class, TrainStatus) VALUES('Саськов Лев Кириллович', 1, '2000-5-5', '9048454232', 'Kraeva.sv@edu.spbstu.ru', '@gmail.com', 'ИКНТ', '09.03.04', '1', '1', '2019-9-1', '3530904/90102', '1')
INSERT INTO tb_Student(StudentName, Gender, Birthday, Phone, Account, Email, InstituteShortName, ProfessionCode, Degree, StudyType, EnrollTime, Class, TrainStatus) VALUES('Сачук Александр Сергеевич', 1, '2000-5-5', '9048454232', 'Savikovsky.ar@edu.spbstu.ru', '@gmail.com', 'ИКНТ', '09.03.04', '1', '1', '2019-9-1', '3530904/90102', '1')
INSERT INTO tb_Student(StudentName, Gender, Birthday, Phone, Account, Email, InstituteShortName, ProfessionCode, Degree, StudyType, EnrollTime, Class, TrainStatus) VALUES('Сенчукова Дарья Сергеевна', 1, '2000-5-5', '9048454232', 'Smirnov.al@edu.spbstu.ru', '@gmail.com', 'ИКНТ', '09.03.04', '1', '1', '2019-9-1', '3530904/90102', '1')
INSERT INTO tb_Student(StudentName, Gender, Birthday, Phone, Account, Email, InstituteShortName, ProfessionCode, Degree, StudyType, EnrollTime, Class, TrainStatus) VALUES('Сердюков Дмитрий Владимирович', 1, '2000-5-5', '9048454232', 'Stepanov.dm@edu.spbstu.ru', '@gmail.com', 'ИКНТ', '09.03.03', '1', '1', '2019-9-1', '3530904/90102', '1')
INSERT INTO tb_Student(StudentName, Gender, Birthday, Phone, Account, Email, InstituteShortName, ProfessionCode, Degree, StudyType, EnrollTime, Class, TrainStatus) VALUES('Солошенко Даниил Андреевич', 1, '2000-5-5', '9048454232', 'Suvorov.vl@edu.spbstu.ru', '@gmail.com', 'ИКНТ', '09.03.03', '1', '1', '2019-9-1', '3530904/90102', '1')
INSERT INTO tb_Student(StudentName, Gender, Birthday, Phone, Account, Email, InstituteShortName, ProfessionCode, Degree, StudyType, EnrollTime, Class, TrainStatus) VALUES('Турченко Михаил Константинович', 1, '2000-5-5', '9048454232', 'Fasakhov.ro@edu.spbstu.ru', '@gmail.com', 'ИКНТ', '09.03.03', '1', '1', '2019-9-1', '3530904/90101', '1')
INSERT INTO tb_Student(StudentName, Gender, Birthday, Phone, Account, Email, InstituteShortName, ProfessionCode, Degree, StudyType, EnrollTime, Class, TrainStatus) VALUES('Умаров Руслан Канафиевич', 1, '2000-5-5', '9048454232', 'Shvarev.ni@edu.spbstu.ru', '@gmail.com', 'ИКНТ', '09.03.03', '1', '1', '2019-9-1', '3530904/90101', '1')
INSERT INTO tb_Student(StudentName, Gender, Birthday, Phone, Account, Email, InstituteShortName, ProfessionCode, Degree, StudyType, EnrollTime, Class, TrainStatus) VALUES('Ушков Виктор Алексеевич', 1, '2000-5-5', '9048454232', 'Andreeva.na@edu.spbstu.ru', '@gmail.com', 'ИКНТ', '09.03.03', '1', '1', '2019-9-1', '3530904/90101', '1')
INSERT INTO tb_Student(StudentName, Gender, Birthday, Phone, Account, Email, InstituteShortName, ProfessionCode, Degree, StudyType, EnrollTime, Class, TrainStatus) VALUES('Файзрахманов Артур Рафаэлевич', 1, '2000-5-5', '9048454232', 'Astashov.mi@edu.spbstu.ru', '@gmail.com', 'ИКНТ', '09.03.03', '1', '1', '2019-9-1', '3530904/90101', '1')
INSERT INTO tb_Student(StudentName, Gender, Birthday, Phone, Account, Email, InstituteShortName, ProfessionCode, Degree, StudyType, EnrollTime, Class, TrainStatus) VALUES('Фисюк Алексей Юрьевич', 1, '2000-5-5', '9048454232', 'Basharina.ek@edu.spbstu.ru', '@gmail.com', 'ИКНТ', '09.03.01', '1', '1', '2019-9-1', '3530904/90101', '1')
INSERT INTO tb_Student(StudentName, Gender, Birthday, Phone, Account, Email, InstituteShortName, ProfessionCode, Degree, StudyType, EnrollTime, Class, TrainStatus) VALUES('Хомец Семен Павлович', 1, '2000-5-5', '9048454232', 'Bezdenezhnykh.au@edu.spbstu.ru', '@gmail.com', 'ИКНТ', '09.03.01', '1', '1', '2019-9-1', '3530904/90101', '1')
INSERT INTO tb_Student(StudentName, Gender, Birthday, Phone, Account, Email, InstituteShortName, ProfessionCode, Degree, StudyType, EnrollTime, Class, TrainStatus) VALUES('Хотамов Диловар Амруллоевич', 1, '2000-5-5', '9048454232', 'Natalia.an@edu.spbstu.ru', '@gmail.com', 'ИКНТ', '09.03.01', '1', '1', '2019-9-1', '3530904/90101', '1')
INSERT INTO tb_Student(StudentName, Gender, Birthday, Phone, Account, Email, InstituteShortName, ProfessionCode, Degree, StudyType, EnrollTime, Class, TrainStatus) VALUES('Чеботин Александр', 1, '2000-5-5', '9048454232', 'Buldakova.ma@edu.spbstu.ru', '@gmail.com', 'ИКНТ', '09.03.01', '1', '1', '2019-9-1', '3530904/90103', '1')
INSERT INTO tb_Student(StudentName, Gender, Birthday, Phone, Account, Email, InstituteShortName, ProfessionCode, Degree, StudyType, EnrollTime, Class, TrainStatus) VALUES('Чевыкалов Григорий Андреевич', 1, '2000-5-5', '9048454232', 'Vereshchagina.so@edu.spbstu.ru', '@gmail.com', 'ИКНТ', '09.03.01', '1', '1', '2019-9-1', '3530904/90103', '1')
INSERT INTO tb_Student(StudentName, Gender, Birthday, Phone, Account, Email, InstituteShortName, ProfessionCode, Degree, StudyType, EnrollTime, Class, TrainStatus) VALUES('Челнокова Екатерина Евгеньевна', 1, '2000-5-5', '9048454232', 'Volynets.ar@edu.spbstu.ru', '@gmail.com', 'ИКНТ', '09.03.01', '1', '1', '2019-9-1', '3530904/90103', '1')
INSERT INTO tb_Student(StudentName, Gender, Birthday, Phone, Account, Email, InstituteShortName, ProfessionCode, Degree, StudyType, EnrollTime, Class, TrainStatus) VALUES('Шварц Александр Владимирович', 1, '2000-5-5', '9048454232', 'Gavrilov.an@edu.spbstu.ru', '@gmail.com', 'ИКНТ', '09.03.01', '1', '1', '2019-9-1', '3530904/90103', '1')
INSERT INTO tb_Student(StudentName, Gender, Birthday, Phone, Account, Email, InstituteShortName, ProfessionCode, Degree, StudyType, EnrollTime, Class, TrainStatus) VALUES('Ширяев Виктор Андреевич', 1, '2000-5-5', '9048454232', 'Zhuk.va@edu.spbstu.ru', '@gmail.com', 'ИПММ', '03.03.01', '1', '1', '2019-9-1', '0303010/90201', '1')
INSERT INTO tb_Student(StudentName, Gender, Birthday, Phone, Account, Email, InstituteShortName, ProfessionCode, Degree, StudyType, EnrollTime, Class, TrainStatus) VALUES('Шрагин Евгений Маркович', 1, '2000-5-5', '9048454232', 'Zavyalov.ni@edu.spbstu.ru', '@gmail.com', 'ИПММ', '03.03.01', '1', '1', '2019-9-1', '0303010/90201', '1')
INSERT INTO tb_Student(StudentName, Gender, Birthday, Phone, Account, Email, InstituteShortName, ProfessionCode, Degree, StudyType, EnrollTime, Class, TrainStatus) VALUES('Юань Гуан', 1, '2000-5-5', '9048454232', 'Zinkina.ma@edu.spbstu.ru', '@gmail.com', 'ИПММ', '03.03.01', '1', '1', '2019-9-1', '0303010/90201', '1')
INSERT INTO tb_Student(StudentName, Gender, Birthday, Phone, Account, Email, InstituteShortName, ProfessionCode, Degree, StudyType, EnrollTime, Class, TrainStatus) VALUES('Абросимов Игнатий Иванович', 1, '2000-5-5', '9048454232', 'Isaev.ev@edu.spbstu.ru', '@gmail.com', 'ИПММ', '03.03.01', '1', '1', '2019-9-1', '0303010/90201', '1')
INSERT INTO tb_Student(StudentName, Gender, Birthday, Phone, Account, Email, InstituteShortName, ProfessionCode, Degree, StudyType, EnrollTime, Class, TrainStatus) VALUES('Алексеенко Егор Андреевич', 1, '2000-5-5', '9048454232', 'Kalachev.eg@edu.spbstu.ru', '@gmail.com', 'ИПММ', '03.03.01', '1', '1', '2019-9-1', '0303010/90201', '1')
INSERT INTO tb_Student(StudentName, Gender, Birthday, Phone, Account, Email, InstituteShortName, ProfessionCode, Degree, StudyType, EnrollTime, Class, TrainStatus) VALUES('Белов Никита Максимович', 1, '2000-5-5', '9048454232', 'Kondraev.dm@edu.spbstu.ru', '@gmail.com', 'ИПММ', '03.03.01', '1', '1', '2019-9-1', '0303010/90201', '1')
INSERT INTO tb_Student(StudentName, Gender, Birthday, Phone, Account, Email, InstituteShortName, ProfessionCode, Degree, StudyType, EnrollTime, Class, TrainStatus) VALUES('Беляев Роман Юрьевич', 1, '2000-5-5', '9048454232', 'Korenova.an@edu.spbstu.ru', '@gmail.com', 'ИПММ', '03.03.01', '1', '1', '2019-9-1', '0303010/90201', '1')
INSERT INTO tb_Student(StudentName, Gender, Birthday, Phone, Account, Email, InstituteShortName, ProfessionCode, Degree, StudyType, EnrollTime, Class, TrainStatus) VALUES('Бенюх Максим Александрович', 1, '2000-5-5', '9048454232', 'Kulygin.eg@edu.spbstu.ru', '@gmail.com', 'ИПММ', '03.03.01', '1', '1', '2019-9-1', '0303010/90201', '1')
INSERT INTO tb_Student(StudentName, Gender, Birthday, Phone, Account, Email, InstituteShortName, ProfessionCode, Degree, StudyType, EnrollTime, Class, TrainStatus) VALUES('Беркман Даниела Александровна', 1, '2000-5-5', '9048454232', 'Malyshev.dm@edu.spbstu.ru', '@gmail.com', 'ИПММ', '03.03.01', '1', '1', '2019-9-1', '0303010/90201', '1')
INSERT INTO tb_Student(StudentName, Gender, Birthday, Phone, Account, Email, InstituteShortName, ProfessionCode, Degree, StudyType, EnrollTime, Class, TrainStatus) VALUES('Блащук Ольга Дмитриевна', 1, '2000-5-5', '9048454232', 'Min.al@edu.spbstu.ru', '@gmail.com', 'ИПММ', '03.03.01', '1', '1', '2019-9-1', '0303010/90201', '1')
INSERT INTO tb_Student(StudentName, Gender, Birthday, Phone, Account, Email, InstituteShortName, ProfessionCode, Degree, StudyType, EnrollTime, Class, TrainStatus) VALUES('Боринских Семен Денисович', 1, '2000-5-5', '9048454232', 'Priezdyev.an@edu.spbstu.ru', '@gmail.com', 'ИПМЭиТ', '38.03.01', '1', '1', '2019-9-1', '3803010/90105', '1')
INSERT INTO tb_Student(StudentName, Gender, Birthday, Phone, Account, Email, InstituteShortName, ProfessionCode, Degree, StudyType, EnrollTime, Class, TrainStatus) VALUES('Борисенков Богдан Сергеевич', 1, '2000-5-5', '9048454232', 'Sun.ch@edu.spbstu.ru', '@gmail.com', 'ИПМЭиТ', '38.03.01', '1', '1', '2019-9-1', '3803010/90105', '1')
INSERT INTO tb_Student(StudentName, Gender, Birthday, Phone, Account, Email, InstituteShortName, ProfessionCode, Degree, StudyType, EnrollTime, Class, TrainStatus) VALUES('Бугреева Валерия Владимировна', 1, '2000-5-5', '9048454232', 'Shuker.iv@edu.spbstu.ru', '@gmail.com', 'ИПМЭиТ', '38.03.01', '1', '1', '2019-9-1', '3803010/90105', '1')
INSERT INTO tb_Student(StudentName, Gender, Birthday, Phone, Account, Email, InstituteShortName, ProfessionCode, Degree, StudyType, EnrollTime, Class, TrainStatus) VALUES('Бутузова Евдокия Сергеевна', 1, '2000-5-5', '9048454232', 'Aidarov.re@edu.spbstu.ru', '@gmail.com', 'ИПМЭиТ', '38.03.01', '1', '1', '2019-9-1', '3803010/90105', '1')
INSERT INTO tb_Student(StudentName, Gender, Birthday, Phone, Account, Email, InstituteShortName, ProfessionCode, Degree, StudyType, EnrollTime, Class, TrainStatus) VALUES('Быкова Софья Андреевна', 1, '2000-5-5', '9048454232', 'Ataev.an@edu.spbstu.ru', '@gmail.com', 'ИПМЭиТ', '38.03.01', '1', '1', '2019-9-1', '3803010/90105', '1')
INSERT INTO tb_Student(StudentName, Gender, Birthday, Phone, Account, Email, InstituteShortName, ProfessionCode, Degree, StudyType, EnrollTime, Class, TrainStatus) VALUES('Васильев Максим Дмитриевич', 1, '2000-5-5', '9048454232', 'Belova.ma@edu.spbstu.ru', '@gmail.com', 'ИПМЭиТ', '38.03.01', '1', '1', '2019-9-1', '3803010/90105', '1')
INSERT INTO tb_Student(StudentName, Gender, Birthday, Phone, Account, Email, InstituteShortName, ProfessionCode, Degree, StudyType, EnrollTime, Class, TrainStatus) VALUES('Верзунов Николай Николаевич', 1, '2000-5-5', '9048454232', 'Vasiliev.fy@edu.spbstu.ru', '@gmail.com', 'ИПМЭиТ', '38.03.01', '1', '1', '2019-9-1', '3803010/90105', '1')
INSERT INTO tb_Student(StudentName, Gender, Birthday, Phone, Account, Email, InstituteShortName, ProfessionCode, Degree, StudyType, EnrollTime, Class, TrainStatus) VALUES('Волков Денис Сергеевич', 1, '2000-5-5', '9048454232', 'Urov.ar@edu.spbstu.ru', '@gmail.com', 'ГИ', '40.03.01', '1', '1', '2019-9-1', '100301/90001', '1')
INSERT INTO tb_Student(StudentName, Gender, Birthday, Phone, Account, Email, InstituteShortName, ProfessionCode, Degree, StudyType, EnrollTime, Class, TrainStatus) VALUES('Воробьева Анна Юрьевна', 1, '2000-5-5', '9048454232', 'Gabdulina.sa@edu.spbstu.ru', '@gmail.com', 'ГИ', '40.03.01', '1', '1', '2019-9-1', '100301/90001', '1')
INSERT INTO tb_Student(StudentName, Gender, Birthday, Phone, Account, Email, InstituteShortName, ProfessionCode, Degree, StudyType, EnrollTime, Class, TrainStatus) VALUES('Высочина Александра Сергеевна', 1, '2000-5-5', '9048454232', 'Golovin.ki@edu.spbstu.ru', '@gmail.com', 'ИБСиБ', '12.03.04', '1', '1', '2019-9-1', '1003010/90006', '1')
INSERT INTO tb_Student(StudentName, Gender, Birthday, Phone, Account, Email, InstituteShortName, ProfessionCode, Degree, StudyType, EnrollTime, Class, TrainStatus) VALUES('Вялов Тимофей Дмитриевич', 1, '2000-5-5', '9048454232', 'Gromova.ye@edu.spbstu.ru', '@gmail.com', 'ИБСиБ', '12.03.04', '1', '1', '2019-9-1', '1003010/90006', '1')
INSERT INTO tb_Student(StudentName, Gender, Birthday, Phone, Account, Email, InstituteShortName, ProfessionCode, Degree, StudyType, EnrollTime, Class, TrainStatus) VALUES('Галанина Екатерина Владимировна', 1, '2000-5-5', '9048454232', 'Gulyaev.an@edu.spbstu.ru', '@gmail.com', 'ИБСиБ', '12.03.04', '1', '1', '2019-9-1', '1003010/90006', '1')
INSERT INTO tb_Student(StudentName, Gender, Birthday, Phone, Account, Email, InstituteShortName, ProfessionCode, Degree, StudyType, EnrollTime, Class, TrainStatus) VALUES('Галеев Рауль Рустемович', 1, '2000-5-5', '9048454232', 'Fyodor.an@edu.spbstu.ru', '@gmail.com', 'ИБСиБ', '12.03.04', '1', '1', '2019-9-1', '1003010/90006', '1')
INSERT INTO tb_Student(StudentName, Gender, Birthday, Phone, Account, Email, InstituteShortName, ProfessionCode, Degree, StudyType, EnrollTime, Class, TrainStatus) VALUES('Галов Владислав Николаевич', 1, '2000-5-5', '9048454232', 'Dambieva.al@edu.spbstu.ru', '@gmail.com', 'ИКиЗИ', '10.03.01', '1', '1', '2019-9-1', '100301/90002', '1')
INSERT INTO tb_Student(StudentName, Gender, Birthday, Phone, Account, Email, InstituteShortName, ProfessionCode, Degree, StudyType, EnrollTime, Class, TrainStatus) VALUES('Гуменик Валентин Михайлович', 1, '2000-5-5', '9048454232', 'Prince.vl@edu.spbstu.ru', '@gmail.com', 'ИКиЗИ', '10.03.01', '1', '1', '2019-9-1', '100301/90002', '1')
INSERT INTO tb_Student(StudentName, Gender, Birthday, Phone, Account, Email, InstituteShortName, ProfessionCode, Degree, StudyType, EnrollTime, Class, TrainStatus) VALUES('Гусика Никита Вадимович', 1, '2000-5-5', '9048454232', 'Zolotarev.ru@edu.spbstu.ru', '@gmail.com', 'ИКиЗИ', '10.03.01', '1', '1', '2019-9-1', '100301/90002', '1')
INSERT INTO tb_Student(StudentName, Gender, Birthday, Phone, Account, Email, InstituteShortName, ProfessionCode, Degree, StudyType, EnrollTime, Class, TrainStatus) VALUES('Джахангиров Мансур Расимович', 1, '2000-5-5', '9048454232', 'Karina.ma@edu.spbstu.ru', '@gmail.com', 'ИКиЗИ', '10.03.01', '1', '1', '2019-9-1', '100301/90002', '1')
INSERT INTO tb_Student(StudentName, Gender, Birthday, Phone, Account, Email, InstituteShortName, ProfessionCode, Degree, StudyType, EnrollTime, Class, TrainStatus) VALUES('Доленко Михаил Антонович', 1, '2000-5-5', '9048454232', 'Kazerin.ki@edu.spbstu.ru', '@gmail.com', 'ИКиЗИ', '10.03.01', '1', '1', '2019-9-1', '100301/90002', '1')
GO